name,rating,reviews,address,category,phone,website,maps_url
"Abah Erfan Barber Shop","4.9","91","Jl. Taman Induk No.67-74 Buka","Abah Erfan Barber Shop 4,9(91) Tempat Cukur Rambut","","","https://www.google.com/maps/place/Abah+Erfan+Barber+Shop/data=!4m7!3m6!1s0x2e69e94b3524a005:0xeeb794440549b149!8m2!3d-6.4256902!4d106.8018519!16s%2Fg%2F11kwr_59_3!19sChIJBaAkNUvpaS4RSbFJBUSUt-4?authuser=0&hl=id&g_ep=EgoyMDI2MDkyMy4wIJJjKgBIAVAD&rclk=1"
"Barbersmart Cipayung Depok","4.4","27","Jl. Raya Cipayung No.2, RT.03/RW.03 Segera tutup","Barbersmart Cipayung Depok 4,4(27) Tempat Cukur Rambut","","","https://www.google.com/maps/place/Barbersmart+Cipayung+Depok/data=!4m7!3m6!1s0x2e69e90af99d5b5b:0x8df16da4cbf5baec!8m2!3d-6.4368264!4d106.7968451!16s%2Fg%2F11tx20fbkb!19sChIJW1ud-QrpaS4R7Lr1y6Rt8Y0?authuser=0&hl=id&g_ep=EgoyMDI2MDkyMy4wIJJjKgBIAVAD&rclk=1"
"DxF BARBERSHOP","5.0","70","Jl. Setu Cipayung No.35, RT.6/RW.4 Segera tutup","DxF BARBERSHOP 5,0(70) Tempat Cukur Rambut","","","https://www.google.com/maps/place/DxF+BARBERSHOP/data=!4m7!3m6!1s0x2e69edd7f234e66d:0x5df52155c2c275f2!8m2!3d-6.3252739!4d106.9049385!16s%2Fg%2F11yyfc5mt1!19sChIJbeY08tftaS4R8nXCwlUh9V0?authuser=0&hl=id&g_ep=EgoyMDI2MDkyMy4wIJJjKgBIAVAD&rclk=1"
"Retro Barber","5.0","1","Jl. Bojong Pd. Terong No.23 Segera tutup","Retro Barber 5,0(1) Tempat Cukur Rambut","","","https://www.google.com/maps/place/Retro+Barber/data=!4m7!3m6!1s0x2e69e98535acfc39:0xdd430cfb74a4dded!8m2!3d-6.4295071!4d106.8028532!16s%2Fg%2F11hbgbc4bp!19sChIJOfysNYXpaS4R7d2kdPsMQ90?authuser=0&hl=id&g_ep=EgoyMDI2MDkyMy4wIJJjKgBIAVAD&rclk=1"
"Pangkas Rambut Bandung","4.9","15","Jl. Raya Cipayung No.17-43 Buka 24 jam","Pangkas Rambut Bandung 4,9(15) Tempat Cukur Rambut","","","https://www.google.com/maps/place/Pangkas+Rambut+Bandung/data=!4m7!3m6!1s0x2e69e976bedaa8ab:0x7968b1fe69463749!8m2!3d-6.4281551!4d106.7964028!16s%2Fg%2F11f_6w02nb!19sChIJq6javnbpaS4RSTdGaf6xaHk?authuser=0&hl=id&g_ep=EgoyMDI2MDkyMy4wIJJjKgBIAVAD&rclk=1"
"YOUNGEN BARBERSHOP","4.8","16","Jl. Inpers 1 No.32 Buka","YOUNGEN BARBERSHOP 4,8(16) Tempat Cukur Rambut","","","https://www.google.com/maps/place/YOUNGEN+BARBERSHOP/data=!4m7!3m6!1s0x2e69e9001641e4af:0xfc8c62187ef2c043!8m2!3d-6.4168116!4d106.8059814!16s%2Fg%2F11vsv3mm09!19sChIJr-RBFgDpaS4RQ8DyfhhijPw?authuser=0&hl=id&g_ep=EgoyMDI2MDkyMy4wIJJjKgBIAVAD&rclk=1"
"806 Barbershop Pondok terong","4.9","94","Jl. Raya Citayam No.69, RT.001/RW.005 kel Segera tutup","806 Barbershop Pondok terong 4,9(94) Tempat Cukur Rambut","","","https://www.google.com/maps/place/806+Barbershop+Pondok+terong/data=!4m7!3m6!1s0x2e69e9007ab9218d:0x944c34e05998e447!8m2!3d-6.436741!4d106.8080304!16s%2Fg%2F11y6m0rmg5!19sChIJjSG5egDpaS4RR-SYWeA0TJQ?authuser=0&hl=id&g_ep=EgoyMDI2MDkyMy4wIJJjKgBIAVAD&rclk=1"
"Tersus Barbershop","4.8","229","Jl. Raya Mabes Hankam, RT.4/RW.2 Segera tutup","Tersus Barbershop 4,8(229) Tempat Cukur Rambut","","","https://www.google.com/maps/place/Tersus+Barbershop/data=!4m7!3m6!1s0x2e69edc263f0985b:0x2b8f1f363a621aa2!8m2!3d-6.3097411!4d106.9010287!16s%2Fg%2F11v195f_my!19sChIJW5jwY8LtaS4RohpiOjYfjys?authuser=0&hl=id&g_ep=EgoyMDI2MDkyMy4wIJJjKgBIAVAD&rclk=1"
"Lysos barbershop","5.0","12","","Lysos barbershop 5,0(12) Tempat Cukur Rambut","","","https://www.google.com/maps/place/Lysos+barbershop/data=!4m7!3m6!1s0x2e69e90ea731abe9:0xcb6dfa8eada4aeee!8m2!3d-6.4376314!4d106.8048113!16s%2Fg%2F11yyjp7y8f!19sChIJ6asxpw7paS4R7q6krY76bcs?authuser=0&hl=id&g_ep=EgoyMDI2MDkyMy4wIJJjKgBIAVAD&rclk=1"
"RUANG CUKUR TASIK","5.0","5","Jl. Raya Cipayung Jl. Raya Citayam Segera tutup","RUANG CUKUR TASIK 5,0(5) Tempat Cukur Rambut","","","https://www.google.com/maps/place/RUANG+CUKUR+TASIK/data=!4m7!3m6!1s0x2e69e9e3951d7115:0x5db3ea87121cf4c3!8m2!3d-6.435259!4d106.7966232!16s%2Fg%2F11vhz0_5m9!19sChIJFXEdlePpaS4Rw_QcEofqs10?authuser=0&hl=id&g_ep=EgoyMDI2MDkyMy4wIJJjKgBIAVAD&rclk=1"
"Pangkas rambut mas uda herry","4.8","19","","Pangkas rambut mas uda herry 4,8(19) Tempat Cukur Rambut Segera tutup","","","https://www.google.com/maps/place/Pangkas+rambut+mas+uda+herry/data=!4m7!3m6!1s0x2e69e9502cfa6dc5:0x399b3f6084d65053!8m2!3d-6.4231976!4d106.8077398!16s%2Fg%2F11jtyq84m4!19sChIJxW36LFDpaS4RU1DWhGA_mzk?authuser=0&hl=id&g_ep=EgoyMDI2MDkyMy4wIJJjKgBIAVAD&rclk=1"
"Ruang Cukur","5.0","13","Jl. Swadaya No.2A, RT.1/RW.3 Buka","Ruang Cukur 5,0(13) Penata Rambut","","","https://www.google.com/maps/place/Ruang+Cukur/data=!4m7!3m6!1s0x2e69ed003f177bb3:0xccca4f7bf14e1159!8m2!3d-6.3449498!4d106.9108645!16s%2Fg%2F11zd3x7542!19sChIJs3sXPwDtaS4RWRFO8XtPysw?authuser=0&hl=id&g_ep=EgoyMDI2MDkyMy4wIJJjKgBIAVAD&rclk=1"
"Keep Handsome Barbershop","4.5","117","Jl. Menteng, RT.06/RW.01 Segera tutup","Keep Handsome Barbershop 4,5(117) Tempat Cukur Rambut","","","https://www.google.com/maps/place/Keep+Handsome+Barbershop/data=!4m7!3m6!1s0x2e69e98fa8222ac9:0xbbc05f9cf5677567!8m2!3d-6.4345948!4d106.808912!16s%2Fg%2F11cnxgbf0b!19sChIJySoiqI_paS4RZ3Vn9ZxfwLs?authuser=0&hl=id&g_ep=EgoyMDI2MDkyMy4wIJJjKgBIAVAD&rclk=1"
"G-MAX Haircut","5.0","32","HQGW+CGH, Jl. Raya Cipayung Tutup","G-MAX Haircut 5,0(32) Tempat Cukur Rambut","","","https://www.google.com/maps/place/G-MAX+Haircut/data=!4m7!3m6!1s0x2e69e900536edbe5:0x27f013c6e75ba348!8m2!3d-6.4239255!4d106.7963539!16s%2Fg%2F11z4wxqkq4!19sChIJ5dtuUwDpaS4RSKNb58YT8Cc?authuser=0&hl=id&g_ep=EgoyMDI2MDkyMy4wIJJjKgBIAVAD&rclk=1"
"Saikk Barbershop","4.7","51","Jl. Cipayung Raya No.2b, RT.5/RW.1 Segera tutup","Saikk Barbershop 4,7(51) Tempat Cukur Rambut","","","https://www.google.com/maps/place/Saikk+Barbershop/data=!4m7!3m6!1s0x2e69ed2218d2f6a9:0xefe7cc21282933ba!8m2!3d-6.3324571!4d106.890135!16s%2Fg%2F11smqjfyqg!19sChIJqfbSGCLtaS4RujMpKCHM5-8?authuser=0&hl=id&g_ep=EgoyMDI2MDkyMy4wIJJjKgBIAVAD&rclk=1"
"LAKI BARBERSHOP 2 & SHOES CLEAN","4.9","93","Jl. Raya Pd. Gede No.3, RT.4/RW.8","LAKI BARBERSHOP 2 & SHOES CLEAN 4,9(93) Tempat Cukur Rambut","","","https://www.google.com/maps/place/LAKI+BARBERSHOP+2+%26+SHOES+CLEAN/data=!4m7!3m6!1s0x2e69f3d0b719e161:0x9cfde95f2c42a999!8m2!3d-6.2850443!4d106.9035344!16s%2Fg%2F11zkrzpgbs!19sChIJYeEZt9DzaS4RmalCLF_p_Zw?authuser=0&hl=id&g_ep=EgoyMDI2MDkyMy4wIJJjKgBIAVAD&rclk=1"
"Pangkas Rambut ""AlFarizqi""","4.8","4","Jl. Raya Rawa Indah No.123 Segera tutup","Pangkas Rambut ""AlFarizqi"" 4,8(4) Tempat Cukur Rambut","","","https://www.google.com/maps/place/Pangkas+Rambut+%22AlFarizqi%22/data=!4m7!3m6!1s0x2e69e95033c5c013:0xd7f95bd7b187a1a0!8m2!3d-6.4284952!4d106.8069189!16s%2Fg%2F11h4g2wmr7!19sChIJE8DFM1DpaS4RoKGHsddb-dc?authuser=0&hl=id&g_ep=EgoyMDI2MDkyMy4wIJJjKgBIAVAD&rclk=1"
"ERO BARBERSHOP","4.6","44","Jl. Swadaya II No.4, RT.4/RW.3 Segera tutup","ERO BARBERSHOP 4,6(44) Tempat Cukur Rambut","","","https://www.google.com/maps/place/ERO+BARBERSHOP/data=!4m7!3m6!1s0x2e69ed04d3633525:0xb1143abfb2f63485!8m2!3d-6.3316744!4d106.9032048!16s%2Fg%2F11nwwx812w!19sChIJJTVj0wTtaS4RhTT2sr86FLE?authuser=0&hl=id&g_ep=EgoyMDI2MDkyMy4wIJJjKgBIAVAD&rclk=1"
".Pangkas Rambut Berkah","5.0","4","Jalan Taman Induk Rt 02/11 ,Citayam Cipayung Cipayung Tutup",".Pangkas Rambut Berkah 5,0(4) Tempat Cukur Rambut","","","https://www.google.com/maps/place/.Pangkas+Rambut+Berkah/data=!4m7!3m6!1s0x2e69e99c46cb8c4d:0xc3359c17f2122a69!8m2!3d-6.426185!4d106.8017826!16s%2Fg%2F11c30whpwd!19sChIJTYzLRpzpaS4RaSoS8hecNcM?authuser=0&hl=id&g_ep=EgoyMDI2MDkyMy4wIJJjKgBIAVAD&rclk=1"
"Parveen Barber SPBU Pertamina","4.7","165","Jl. Citayam Depok Segera tutup","Parveen Barber SPBU Pertamina 4,7(165) Tempat Cukur Rambut","","","https://www.google.com/maps/place/Parveen+Barber+SPBU+Pertamina/data=!4m7!3m6!1s0x2e69e9004c5a2fed:0x828b144c5495a7ec!8m2!3d-6.4319618!4d106.8099678!16s%2Fg%2F11vpnbb_8t!19sChIJ7S9aTADpaS4R7KeVVEwUi4I?authuser=0&hl=id&g_ep=EgoyMDI2MDkyMy4wIJJjKgBIAVAD&rclk=1"
"Bro'Met ""Rumah Barbershop""","5.0","16","Jl. Raya Jemb. Serong Jl. H. Ganeng No.173 Tutup","Bro'Met ""Rumah Barbershop"" 5,0(16) Tempat Cukur Rambut","","","https://www.google.com/maps/place/Bro%27Met+%22Rumah+Barbershop%22/data=!4m7!3m6!1s0x2e69e9d4cb635039:0x4c9900fb220e488a!8m2!3d-6.4151782!4d106.7990417!16s%2Fg%2F11zfrct0n9!19sChIJOVBjy9TpaS4RikgOIvsAmUw?authuser=0&hl=id&g_ep=EgoyMDI2MDkyMy4wIJJjKgBIAVAD&rclk=1"
"Pondok Terong Pangkas Rambut","5.0","2","HR96+93Q, Jl. Mandor 1","Pondok Terong Pangkas Rambut 5,0(2) Tempat Cukur Rambut","","","https://www.google.com/maps/place/Pondok+Terong+Pangkas+Rambut/data=!4m7!3m6!1s0x2e69e98595852d4f:0xb67bce3bc41ab91b!8m2!3d-6.43154!4d106.8102191!16s%2Fg%2F11h_sm5nst!19sChIJTy2FlYXpaS4RG7kaxDvOe7Y?authuser=0&hl=id&g_ep=EgoyMDI2MDkyMy4wIJJjKgBIAVAD&rclk=1"
"PANGKAS RAMBUT UMMA","5.0","2","Jl. Pala Bali Raya No.43, RW.07 Segera tutup","PANGKAS RAMBUT UMMA 5,0(2) Tempat Cukur Rambut","","","https://www.google.com/maps/place/PANGKAS+RAMBUT+UMMA/data=!4m7!3m6!1s0x2e69e9005a907c5f:0x994d5f56b099646f!8m2!3d-6.4388057!4d106.8042437!16s%2Fg%2F11yl34jt1m!19sChIJX3yQWgDpaS4Rb2SZsFZfTZk?authuser=0&hl=id&g_ep=EgoyMDI2MDkyMy4wIJJjKgBIAVAD&rclk=1"
"Pangkas Rambut Arsyad Putra Garut(ASGAR)","","","Jalan Kh Abdurrachman RT 01 RW 01, Pondok Jaya, Cipayung Segera tutup","Pangkas Rambut Arsyad Putra Garut(ASGAR) Tidak ada ulasan Tempat Cukur Rambut","","","https://www.google.com/maps/place/Pangkas+Rambut+Arsyad+Putra+Garut%28ASGAR%29/data=!4m7!3m6!1s0x2e69e9e79c40b19f:0xc02ff68edbcfd5d5!8m2!3d-6.4340535!4d106.8095778!16s%2Fg%2F11tmzsjgh4!19sChIJn7FAnOfpaS4R1dXP2472L8A?authuser=0&hl=id&g_ep=EgoyMDI2MDkyMy4wIJJjKgBIAVAD&rclk=1"
"Barbershop Permata","4.2","24","Komplek Permata Depok, Jl. Permata Raya Blok A #13 Tutup","Barbershop Permata 4,2(24) Tempat Cukur Rambut","","","https://www.google.com/maps/place/Barbershop+Permata/data=!4m7!3m6!1s0x2e69e992abecb3ff:0x3303db72ffa7531e!8m2!3d-6.4427959!4d106.8057622!16s%2Fg%2F11cn68_h1z!19sChIJ_7Psq5LpaS4RHlOn_3LbAzM?authuser=0&hl=id&g_ep=EgoyMDI2MDkyMy4wIJJjKgBIAVAD&rclk=1"
"Jei Barber Shop","3.9","15","HQHW+7VF, Jl. Raya Jemb. Serong Tutup","Jei Barber Shop 3,9(15) Tempat Cukur Rambut","","","https://www.google.com/maps/place/Jei+Barber+Shop/data=!4m7!3m6!1s0x2e69e975758e36ed:0xf5e271fe0add0bc1!8m2!3d-6.421821!4d106.7971685!16s%2Fg%2F1q629j_1k!19sChIJ7TaOdXXpaS4RwQvdCv5x4vU?authuser=0&hl=id&g_ep=EgoyMDI2MDkyMy4wIJJjKgBIAVAD&rclk=1"
"Rey Barber","5.0","1","","Rey Barber 5,0(1) Tempat Cukur Rambut","","","https://www.google.com/maps/place/Rey+Barber/data=!4m7!3m6!1s0x2e69e98d5328b75f:0x773ea5eb0c3653b6!8m2!3d-6.4430146!4d106.8065837!16s%2Fg%2F11gly3bqwv!19sChIJX7coU43paS4RtlM2DOulPnc?authuser=0&hl=id&g_ep=EgoyMDI2MDkyMy4wIJJjKgBIAVAD&rclk=1"
"Pangkas Rambut FADH","5.0","2","Gg.Albarkah kel, Jl. Raya Citayam No.rt06/08 Segera tutup","Pangkas Rambut FADH 5,0(2) Tempat Cukur Rambut","","","https://www.google.com/maps/place/Pangkas+Rambut+FADH/data=!4m7!3m6!1s0x2e69e95c456f331f:0xb416f20a5233908a!8m2!3d-6.4451898!4d106.8022172!16s%2Fg%2F11nyh7jy1z!19sChIJHzNvRVzpaS4RipAzUgryFrQ?authuser=0&hl=id&g_ep=EgoyMDI2MDkyMy4wIJJjKgBIAVAD&rclk=1"
"Barbershopwax","4.6","52","Jl. Lb. Pos Tutup","Barbershopwax 4,6(52) Tempat Cukur Rambut","","","https://www.google.com/maps/place/Barbershopwax/data=!4m7!3m6!1s0x2e69e9eee70aad61:0x5ffc2dedd06ba89d!8m2!3d-6.4503755!4d106.8017316!16s%2Fg%2F11cn5g9qy1!19sChIJYa0K5-7paS4Rnahr0O0t_F8?authuser=0&hl=id&g_ep=EgoyMDI2MDkyMy4wIJJjKgBIAVAD&rclk=1"
"Barbershop Mas Broo","3.9","34","Jl. Raya Citayam No.13, RT.01/RW.03 Tutup","Barbershop Mas Broo 3,9(34) Tempat Cukur Rambut","","","https://www.google.com/maps/place/Barbershop+Mas+Broo/data=!4m7!3m6!1s0x2e69e97e85b630a1:0xc0d52d1fdee25c50!8m2!3d-6.4166543!4d106.814946!16s%2Fg%2F11bxdtxlmv!19sChIJoTC2hX7paS4RUFzi3h8t1cA?authuser=0&hl=id&g_ep=EgoyMDI2MDkyMy4wIJJjKgBIAVAD&rclk=1"
"SAM Barbershop","4.9","69","Jl. Tugu Macan Segera tutup","SAM Barbershop 4,9(69) Tempat Cukur Rambut","","","https://www.google.com/maps/place/SAM+Barbershop/data=!4m7!3m6!1s0x2e69e93e4180d0b9:0x4408b20782caca29!8m2!3d-6.4453273!4d106.7860629!16s%2Fg%2F11m9q8zdbm!19sChIJudCAQT7paS4RKcrKggeyCEQ?authuser=0&hl=id&g_ep=EgoyMDI2MDkyMy4wIJJjKgBIAVAD&rclk=1"
"M Classic BARBERSHOP Rawa denok","4.5","114","Jl. Bonang Raya No.37, RT.01/RW.01 Segera tutup","M Classic BARBERSHOP Rawa denok 4,5(114) Salon Rambut","","","https://www.google.com/maps/place/M+Classic+BARBERSHOP+Rawa+denok/data=!4m7!3m6!1s0x2e69e9fd84410167:0x60b849e394fd9828!8m2!3d-6.4157155!4d106.7940271!16s%2Fg%2F11r3v1tp46!19sChIJZwFBhP3paS4RKJj9lONJuGA?authuser=0&hl=id&g_ep=EgoyMDI2MDkyMy4wIJJjKgBIAVAD&rclk=1"
"ASASTHA BARBERSHOP","4.5","145","RT002 RW004, Jl. Raya Kalimulya No.86 Segera tutup","ASASTHA BARBERSHOP 4,5(145) Tempat Cukur Rambut","","","https://www.google.com/maps/place/ASASTHA+BARBERSHOP/data=!4m7!3m6!1s0x2e69eb007bc23391:0x751750991fa6aa0e!8m2!3d-6.4198202!4d106.8232798!16s%2Fg%2F11vr9q0sjs!19sChIJkTPCewDraS4RDqqmH5lQF3U?authuser=0&hl=id&g_ep=EgoyMDI2MDkyMy4wIJJjKgBIAVAD&rclk=1"
"Ramon’s Barber And Coffee","4.9","57","Jl. Sedap Malam Raya No.40 Segera tutup","Ramon’s Barber And Coffee 4,9(57) Tempat Cukur Rambut","","","https://www.google.com/maps/place/Ramon%E2%80%99s+Barber+And+Coffee/data=!4m7!3m6!1s0x2e69e90057a841c9:0x454aae7421dc8505!8m2!3d-6.4442011!4d106.7922125!16s%2Fg%2F11wnqhch9c!19sChIJyUGoVwDpaS4RBYXcIXSuSkU?authuser=0&hl=id&g_ep=EgoyMDI2MDkyMy4wIJJjKgBIAVAD&rclk=1"
"Charel's Barbershop","3.5","17","HRG7+W2F, Jl. Ratu Jaya Rawageni Tutup","Charel's Barbershop 3,5(17) Tempat Cukur Rambut","","","https://www.google.com/maps/place/Charel%27s+Barbershop/data=!4m7!3m6!1s0x2e69e9ae7d4bf96b:0x8f8aca544fb927a6!8m2!3d-6.4226794!4d106.8125347!16s%2Fg%2F11v05phzxk!19sChIJa_lLfa7paS4Rpie5T1TKio8?authuser=0&hl=id&g_ep=EgoyMDI2MDkyMy4wIJJjKgBIAVAD&rclk=1"
"PANGKAS RAMBUT BARKAH","4.5","11","","PANGKAS RAMBUT BARKAH 4,5(11) Tempat Cukur Rambut","","","https://www.google.com/maps/place/PANGKAS+RAMBUT+BARKAH/data=!4m7!3m6!1s0x2e69e9bfa53a772b:0x449eab43171c6c51!8m2!3d-6.4417828!4d106.7919734!16s%2Fg%2F11ggz7vzgd!19sChIJK3c6pb_paS4RUWwcF0OrnkQ?authuser=0&hl=id&g_ep=EgoyMDI2MDkyMy4wIJJjKgBIAVAD&rclk=1"
"Arif Ruang Cukur","5.0","3","Jl. Pertanian No.17 Buka","Arif Ruang Cukur 5,0(3) Tempat Cukur Rambut","","","https://www.google.com/maps/place/Arif+Ruang+Cukur/data=!4m7!3m6!1s0x2e69e9c5211d178b:0xafc6e9e87f311e93!8m2!3d-6.4418147!4d106.7928581!16s%2Fg%2F11mv7tntzb!19sChIJixcdIcXpaS4Rkx4xf-jpxq8?authuser=0&hl=id&g_ep=EgoyMDI2MDkyMy4wIJJjKgBIAVAD&rclk=1"
"UBAN BARBER","5.0","186","Jl. Tengki, RT.4/RW.3 Tutup","UBAN BARBER 5,0(186) Tempat Cukur Rambut","","","https://www.google.com/maps/place/UBAN+BARBER/data=!4m7!3m6!1s0x2e69ed5cfcced285:0x46b6c3fbb7ed5644!8m2!3d-6.3298142!4d106.8945245!16s%2Fg%2F11kpk80vdl!19sChIJhdLO_FztaS4RRFbtt_vDtkY?authuser=0&hl=id&g_ep=EgoyMDI2MDkyMy4wIJJjKgBIAVAD&rclk=1"
"Bam's Barbershop Citayam","4.0","57","GQXX+WM7, Jl. Raya Cipayung Tutup","Bam's Barbershop Citayam 4,0(57) Tempat Cukur Rambut","","","https://www.google.com/maps/place/Bam%27s+Barbershop+Citayam/data=!4m7!3m6!1s0x2e69e9344a4a77eb:0x761260d5c6263742!8m2!3d-6.4502135!4d106.7991727!16s%2Fg%2F11tg5sc8cs!19sChIJ63dKSjTpaS4RQjcmxtVgEnY?authuser=0&hl=id&g_ep=EgoyMDI2MDkyMy4wIJJjKgBIAVAD&rclk=1"
"Doel's Barber Shop","4.8","331","Jl. Pitara No.199 Segera tutup","Doel's Barber Shop 4,8(331) Tempat Cukur Rambut","","","https://www.google.com/maps/place/Doel%27s+Barber+Shop/data=!4m7!3m6!1s0x2e69e9c221e9fc7d:0x8ecc1486325e85b!8m2!3d-6.4099596!4d106.8008592!16s%2Fg%2F11pbb5hr3h!19sChIJffzpIcLpaS4RW-glY0jB7Ag?authuser=0&hl=id&g_ep=EgoyMDI2MDkyMy4wIJJjKgBIAVAD&rclk=1"
"New cut barber","5.0","14","Jl. Raya Cilangkap, RT.2/RW.2 Segera tutup","New cut barber 5,0(14) Tempat Cukur Rambut","","","https://www.google.com/maps/place/New+cut+barber/data=!4m7!3m6!1s0x2e69ed006ccde2cb:0x341fbe7eac612c26!8m2!3d-6.3425675!4d106.9079542!16s%2Fg%2F11yw01mfwp!19sChIJy-LNbADtaS4RJixhrH6-HzQ?authuser=0&hl=id&g_ep=EgoyMDI2MDkyMy4wIJJjKgBIAVAD&rclk=1"
"Big Barbershop By Deft Barber","4.9","226","Sebelah komplek ruko mandiri taspen, Jl. Raya Pd. Gede No.23A, RT.1/RW.4 Segera tutup","Big Barbershop By Deft Barber 4,9(226) Tempat Cukur Rambut","","","https://www.google.com/maps/place/Big+Barbershop+By+Deft+Barber/data=!4m7!3m6!1s0x2e69f31a00568051:0xd9b8a7b7b8107cf3!8m2!3d-6.2901948!4d106.8911818!16s%2Fg%2F11vwfjhwdj!19sChIJUYBWABrzaS4R83wQuLenuNk?authuser=0&hl=id&g_ep=EgoyMDI2MDkyMy4wIJJjKgBIAVAD&rclk=1"
"Pangkas Rambut Barokah 2","4.2","34","HR32+4W7, Jalan Kp Lio Setu Citayam (Belakang Citayam), Jl. St. Tutup","Pangkas Rambut Barokah 2 4,2(34) Tempat Cukur Rambut","","","https://www.google.com/maps/place/Pangkas+Rambut+Barokah+2/data=!4m7!3m6!1s0x2e69e9ec3bb9d9fd:0x1475dd13602f0b13!8m2!3d-6.4472003!4d106.8022905!16s%2Fg%2F11cmtsns7j!19sChIJ_dm5O-zpaS4REwsvYBPddRQ?authuser=0&hl=id&g_ep=EgoyMDI2MDkyMy4wIJJjKgBIAVAD&rclk=1"
"BEB BARBERSHOP","5.0","5","Jl. Cilangkap Baru 10 1, RT.10/RW.1 Segera tutup","BEB BARBERSHOP 5,0(5) Tempat Cukur Rambut","","","https://www.google.com/maps/place/BEB+BARBERSHOP/data=!4m7!3m6!1s0x2e69ed000dbf53e7:0xeb9fceea03ee060c!8m2!3d-6.333193!4d106.8933116!16s%2Fg%2F11yy_g3x1k!19sChIJ51O_DQDtaS4RDAbuA-rOn-s?authuser=0&hl=id&g_ep=EgoyMDI2MDkyMy4wIJJjKgBIAVAD&rclk=1"
"Pangkas Rambut Rahayu","5.0","1","Jl. Gandaria I No.82, RT.5/RW.5 Tutup","Pangkas Rambut Rahayu 5,0(1) Tempat Cukur Rambut","","","https://www.google.com/maps/place/Pangkas+Rambut+Rahayu/data=!4m7!3m6!1s0x2e69e9c8b8f1dd57:0xf4867d388d9c09e!8m2!3d-6.4196403!4d106.8162839!16s%2Fg%2F11m8v877wl!19sChIJV93xuMjpaS4RnsDZiNNnSA8?authuser=0&hl=id&g_ep=EgoyMDI2MDkyMy4wIJJjKgBIAVAD&rclk=1"
"Pangkas Rambut Asgar","4.0","9","HR44+JRW Sektor Mutiara (Pas Bunderan, Jl. Permata Raya Tutup","Pangkas Rambut Asgar 4,0(9) Tempat Cukur Rambut","","","https://www.google.com/maps/place/Pangkas+Rambut+Asgar/data=!4m7!3m6!1s0x2e69e9f2b6adcdf5:0xb7370acb04a96179!8m2!3d-6.4433889!4d106.8070856!16s%2Fg%2F11cn6rvnjh!19sChIJ9c2ttvLpaS4ReWGpBMsKN7c?authuser=0&hl=id&g_ep=EgoyMDI2MDkyMy4wIJJjKgBIAVAD&rclk=1"
"Barbershop Auto","4.5","36","Jl Pelatnas PBSI 5 RT 011%2F01 Cipayung Cipayung Jakarta Timur DKI Jakarta, RT.5/RW.1 Tutup","Barbershop Auto 4,5(36) Tempat Cukur Rambut","","","https://www.google.com/maps/place/Barbershop+Auto/data=!4m7!3m6!1s0x2e69ed210a0eed5b:0x63c73b024be81926!8m2!3d-6.3342042!4d106.8915871!16s%2Fg%2F11f3v1fddp!19sChIJW-0OCiHtaS4RJhnoSwI7x2M?authuser=0&hl=id&g_ep=EgoyMDI2MDkyMy4wIJJjKgBIAVAD&rclk=1"
"AKH! Barbershop","4.7","34","Jl. Raya Kalimulya Raya No.25 RT05/04 Segera tutup","AKH! Barbershop 4,7(34) Tempat Cukur Rambut","","","https://www.google.com/maps/place/AKH!+Barbershop/data=!4m7!3m6!1s0x2e69eb8032f3a4cb:0xaea6d429f1920250!8m2!3d-6.4357028!4d106.8213783!16s%2Fg%2F11x7slfyt_!19sChIJy6TzMoDraS4RUAKS8SnUpq4?authuser=0&hl=id&g_ep=EgoyMDI2MDkyMy4wIJJjKgBIAVAD&rclk=1"
"Barbersmart Cilangkap","4.4","62","Jl. Malaka No.20, RT.2/RW.5 Segera tutup","Barbersmart Cilangkap 4,4(62) Tempat Cukur Rambut","","","https://www.google.com/maps/place/Barbersmart+Cilangkap/data=!4m7!3m6!1s0x2e69ed0011340ed9:0xe2472ac6b299b9a6!8m2!3d-6.3379121!4d106.8978846!16s%2Fg%2F11xf21fxk3!19sChIJ2Q40EQDtaS4RprmZssYqR-I?authuser=0&hl=id&g_ep=EgoyMDI2MDkyMy4wIJJjKgBIAVAD&rclk=1"
"Vik Barbershop","4.8","56","Jl. PPA. 8/11, Rt. 4/Rw. 4, Kec. Cipayung. Kel. Ceger, Jakarta Timur 18320, Jl. P.P.A No.8-11, RT.4/RW.4 Tutup","Vik Barbershop 4,8(56) Tempat Cukur Rambut","","","https://www.google.com/maps/place/Vik+Barbershop/data=!4m7!3m6!1s0x2e69ed00655f4095:0xc39f6ed7f155b54f!8m2!3d-6.3184119!4d106.8952404!16s%2Fg%2F11vsj1p621!19sChIJlUBfZQDtaS4RT7VV8ddun8M?authuser=0&hl=id&g_ep=EgoyMDI2MDkyMy4wIJJjKgBIAVAD&rclk=1"
"PRAMBANAN BARBERSHOP","4.7","363","Jl. Raya Kp. Sawah No.88, RT.02/RW.02 Segera tutup","PRAMBANAN BARBERSHOP 4,7(363) Tempat Cukur Rambut","","","https://www.google.com/maps/place/PRAMBANAN+BARBERSHOP/data=!4m7!3m6!1s0x2e69eb586d1c657f:0x5619f4673f4e837f!8m2!3d-6.4544324!4d106.8267792!16s%2Fg%2F11f54nlv77!19sChIJf2UcbVjraS4Rf4NOP2f0GVY?authuser=0&hl=id&g_ep=EgoyMDI2MDkyMy4wIJJjKgBIAVAD&rclk=1"
"RAJA CUKUR BARBERSHOP Bambu Apus","4.9","65","Jl. Mini I, RT.7/RW.3 Tutup","RAJA CUKUR BARBERSHOP Bambu Apus 4,9(65) Tempat Cukur Rambut","","","https://www.google.com/maps/place/RAJA+CUKUR+BARBERSHOP+Bambu+Apus/data=!4m7!3m6!1s0x2e69ed89590be025:0xd9826b6b1fc6f2c9!8m2!3d-6.3078977!4d106.9054256!16s%2Fg%2F11xn49w4m5!19sChIJJeALWYntaS4RyfLGH2trgtk?authuser=0&hl=id&g_ep=EgoyMDI2MDkyMy4wIJJjKgBIAVAD&rclk=1"
"PURE BARBERSHOP","4.5","52","Jl. Damai PBSI No.9, RT.5/RW.1 Tutup","PURE BARBERSHOP 4,5(52) Tempat Cukur Rambut","","","https://www.google.com/maps/place/PURE+BARBERSHOP/data=!4m7!3m6!1s0x2e69eda7d3bfa5a7:0x71812e9788f9ee7d!8m2!3d-6.334313!4d106.891497!16s%2Fg%2F11gk0m004d!19sChIJp6W_06ftaS4Rfe75iJcugXE?authuser=0&hl=id&g_ep=EgoyMDI2MDkyMy4wIJJjKgBIAVAD&rclk=1"
"Pangkas Rambut Atlanta","4.6","69","Jl. Cipayung Raya No.10, RT 01/08 Blok T, RT.10/RW.1 Segera tutup","Pangkas Rambut Atlanta 4,6(69) Tempat Cukur Rambut","","","https://www.google.com/maps/place/Pangkas+Rambut+Atlanta/data=!4m7!3m6!1s0x2e69ed214b6ecdd7:0x11760e1cabeb49a3!8m2!3d-6.333543!4d106.8944547!16s%2Fg%2F1pv1vrnds!19sChIJ181uSyHtaS4Ro0nrqxwOdhE?authuser=0&hl=id&g_ep=EgoyMDI2MDkyMy4wIJJjKgBIAVAD&rclk=1"
"Barber Brown Pitara - Barbershop","4.4","62","Jl. Pitara No.192A Segera tutup","Barber Brown Pitara - Barbershop 4,4(62) Tempat Cukur Rambut","","","https://www.google.com/maps/place/Barber+Brown+Pitara+-+Barbershop/data=!4m7!3m6!1s0x2e69e9a2c9f3adaf:0x9f582f88eb74d4c3!8m2!3d-6.4080856!4d106.8025542!16s%2Fg%2F11spzrm0pk!19sChIJr63zyaLpaS4Rw9R064gvWJ8?authuser=0&hl=id&g_ep=EgoyMDI2MDkyMy4wIJJjKgBIAVAD&rclk=1"
"Aurabarbershop","3.1","35","Ruko Jatimulya Residence, Blk. A Jl. Raya Kalimulya No.24 Segera tutup","Aurabarbershop 3,1(35) Tempat Cukur Rambut","","","https://www.google.com/maps/place/Aurabarbershop/data=!4m7!3m6!1s0x2e69eb005655f289:0x187c0430a2b40761!8m2!3d-6.4256816!4d106.8221579!16s%2Fg%2F11y2y83j9g!19sChIJifJVVgDraS4RYQe0ojAEfBg?authuser=0&hl=id&g_ep=EgoyMDI2MDkyMy4wIJJjKgBIAVAD&rclk=1"
"Pangkas Rambut Angga","3.3","7","Rt1 Jl. Raya Citayam No.Rw3 Tutup","Pangkas Rambut Angga 3,3(7) Tempat Cukur Rambut","","","https://www.google.com/maps/place/Pangkas+Rambut+Angga/data=!4m7!3m6!1s0x2e69e97e8d45757b:0x354403df6b4066b1!8m2!3d-6.4184453!4d106.8142599!16s%2Fg%2F11cn31whcf!19sChIJe3VFjX7paS4RsWZAa98DRDU?authuser=0&hl=id&g_ep=EgoyMDI2MDkyMy4wIJJjKgBIAVAD&rclk=1"
"Barbershop mahkotarapi","3.8","62","Jalan raya ceger cipayung rt/ rw. 03/ 01, Jl. Raya Ceger No.59, RT.3/RW.1 Segera tutup","Barbershop mahkotarapi 3,8(62) Tempat Cukur Rambut","","","https://www.google.com/maps/place/Barbershop+mahkotarapi/data=!4m7!3m6!1s0x2e69f13e18c8f14b:0xd42320b13d10f5fe!8m2!3d-6.3116683!4d106.8890514!16s%2Fg%2F1q62m7crm!19sChIJS_HIGD7xaS4R_vUQPbEgI9Q?authuser=0&hl=id&g_ep=EgoyMDI2MDkyMy4wIJJjKgBIAVAD&rclk=1"
"Nine'O Barbershop Munjul","4.9","88","7, Jl. Raya Munjul No.12I, RT.7/RW.1 Tutup","Nine'O Barbershop Munjul 4,9(88) Tempat Cukur Rambut","","","https://www.google.com/maps/place/Nine%27O+Barbershop+Munjul/data=!4m7!3m6!1s0x2e69edb91fd767a9:0x6fe72a9c606973c7!8m2!3d-6.3519934!4d106.9026761!16s%2Fg%2F11k9mpyhrj!19sChIJqWfXH7ntaS4Rx3NpYJwq528?authuser=0&hl=id&g_ep=EgoyMDI2MDkyMy4wIJJjKgBIAVAD&rclk=1"
"FOEJIE BARBERSHOP","4.6","37","Gang Fuji Jl. Raya Pd. Gede No.49 3, RT.3/RW.1 Buka","FOEJIE BARBERSHOP 4,6(37) Tempat Cukur Rambut","","","https://www.google.com/maps/place/FOEJIE+BARBERSHOP/data=!4m7!3m6!1s0x2e69f3af9a3ff6dd:0xa75e180b6a7ca28c!8m2!3d-6.2890981!4d106.8969765!16s%2Fg%2F11tm_x7gcw!19sChIJ3fY_mq_zaS4RjKJ8agsYXqc?authuser=0&hl=id&g_ep=EgoyMDI2MDkyMy4wIJJjKgBIAVAD&rclk=1"
"Garut Barbershop","4.6","96","Jl. Manunggal No.7 4, RT.7/RW.5 Tutup","Garut Barbershop 4,6(96) Tempat Cukur Rambut","","","https://www.google.com/maps/place/Garut+Barbershop/data=!4m7!3m6!1s0x2e69f3921b410d35:0xbaa7080c55686e96!8m2!3d-6.2976157!4d106.8968368!16s%2Fg%2F11f7bdr_8l!19sChIJNQ1BG5LzaS4Rlm5oVQwIp7o?authuser=0&hl=id&g_ep=EgoyMDI2MDkyMy4wIJJjKgBIAVAD&rclk=1"
"Pangkas rambut Padhil Asgar","5.0","3","Jl. Ciliwung No.1 Segera tutup","Pangkas rambut Padhil Asgar 5,0(3) Salon Rambut","","","https://www.google.com/maps/place/Pangkas+rambut+Padhil+Asgar/data=!4m7!3m6!1s0x2e69e911c95c1659:0xfdac0aba6197a1fb!8m2!3d-6.4449268!4d106.8162492!16s%2Fg%2F11sdygz8lz!19sChIJWRZcyRHpaS4R-6GXYboKrP0?authuser=0&hl=id&g_ep=EgoyMDI2MDkyMy4wIJJjKgBIAVAD&rclk=1"
"EB Tukang Cukur","5.0","26","pas tanjakan samping tukang jahit, Jl. Swadaya VIII No.Rt06/03 Tutup","EB Tukang Cukur 5,0(26) Jasa Tukang","","","https://www.google.com/maps/place/EB+Tukang+Cukur/data=!4m7!3m6!1s0x2e69e9bf01833ae5:0xa1debd3dca4603c0!8m2!3d-6.3901646!4d106.801917!16s%2Fg%2F11zkmm2x5g!19sChIJ5TqDAb_paS4RwANGyj293qE?authuser=0&hl=id&g_ep=EgoyMDI2MDkyMy4wIJJjKgBIAVAD&rclk=1"
"Cukur.in","4.7","52","Jl. Muhasim No.101 Tutup","Cukur.in 4,7(52) Tempat Cukur Rambut","","","https://www.google.com/maps/place/Cukur.in/data=!4m7!3m6!1s0x2e69e90017792b35:0x920e3e55fd4e37f!8m2!3d-6.4045292!4d106.7915897!16s%2Fg%2F11wqn3159m!19sChIJNSt5FwDpaS4Rf-PUX-XjIAk?authuser=0&hl=id&g_ep=EgoyMDI2MDkyMy4wIJJjKgBIAVAD&rclk=1"
"Gunting Rambut Asgar Barbershop","4.7","27","Jl. Pitara No.50, RT.2/RW.15","Gunting Rambut Asgar Barbershop 4,7(27) Tempat Cukur Rambut","","","https://www.google.com/maps/place/Gunting+Rambut+Asgar+Barbershop/data=!4m7!3m6!1s0x2e69e968b8d0438d:0xbb9552356c6aad17!8m2!3d-6.4063322!4d106.8047098!16s%2Fg%2F11g4dlzbvh!19sChIJjUPQuGjpaS4RF61qbDVSlbs?authuser=0&hl=id&g_ep=EgoyMDI2MDkyMy4wIJJjKgBIAVAD&rclk=1"
"RE-CUTS BARBERSHOP","4.1","41","Jl. Setu Cipayung Ruko perumahan puri No.9 9, RT.9/RW.4 Tutup","RE-CUTS BARBERSHOP 4,1(41) Tempat Cukur Rambut","","","https://www.google.com/maps/place/RE-CUTS+BARBERSHOP/data=!4m7!3m6!1s0x2e69ed5a841621e7:0x60beda453c6444ac!8m2!3d-6.3260556!4d106.9037997!16s%2Fg%2F11jmxcsx6g!19sChIJ5yEWhFrtaS4RrERkPEXavmA?authuser=0&hl=id&g_ep=EgoyMDI2MDkyMy4wIJJjKgBIAVAD&rclk=1"
"Pangkas Rambut Pria Setia Kawan","5.0","2","HRH7+9CX, Jl. Raya Citayam Tutup","Pangkas Rambut Pria Setia Kawan 5,0(2) Tempat Cukur Rambut","","","https://www.google.com/maps/place/Pangkas+Rambut+Pria+Setia+Kawan/data=!4m7!3m6!1s0x2e69e97f6973baad:0x6374a8b5a4256f60!8m2!3d-6.421503!4d106.8136124!16s%2Fg%2F11bw5x9_qr!19sChIJrbpzaX_paS4RYG8lpLWodGM?authuser=0&hl=id&g_ep=EgoyMDI2MDkyMy4wIJJjKgBIAVAD&rclk=1"
"Pangkas Rambut Akbar Asgar","4.7","43","Jl. Kelurahan Pd. Rajeg Segera tutup","Pangkas Rambut Akbar Asgar 4,7(43) Tempat Cukur Rambut","","","https://www.google.com/maps/place/Pangkas+Rambut+Akbar+Asgar/data=!4m7!3m6!1s0x2e69ea1e732c967b:0xf0ca961dc92a63ce!8m2!3d-6.4473908!4d106.8193351!16s%2Fg%2F11c2njsx7r!19sChIJe5Yscx7qaS4RzmMqyR2WyvA?authuser=0&hl=id&g_ep=EgoyMDI2MDkyMy4wIJJjKgBIAVAD&rclk=1"
"Bamb's Barber Shop","3.8","11","","Bamb's Barber Shop 3,8(11) Tempat Cukur Rambut","","","https://www.google.com/maps/place/Bamb%27s+Barber+Shop/data=!4m7!3m6!1s0x2e69ebd231599323:0x9193cab4438ccc12!8m2!3d-6.4177344!4d106.8270766!16s%2Fg%2F11gfh_w6ps!19sChIJI5NZMdLraS4REsyMQ7TKk5E?authuser=0&hl=id&g_ep=EgoyMDI2MDkyMy4wIJJjKgBIAVAD&rclk=1"
"JS BARBERSHOP","4.3","36","Ruko Verbena, Madya, Jl. Boulevard Grand Depok City No.11 Blok G Tutup","JS BARBERSHOP 4,3(36) Tempat Cukur Rambut","","","https://www.google.com/maps/place/JS+BARBERSHOP/data=!4m7!3m6!1s0x2e69eb04a3990057:0xe8517eb58cdff750!8m2!3d-6.4140802!4d106.8211072!16s%2Fg%2F11qg6rtjbk!19sChIJVwCZowTraS4RUPffjLV-Ueg?authuser=0&hl=id&g_ep=EgoyMDI2MDkyMy4wIJJjKgBIAVAD&rclk=1"
"806 Barbershop Rawa Panjang","5.0","1","Jl. Kp. Panjang No.45 Tutup","806 Barbershop Rawa Panjang 5,0(1) Tempat Cukur Rambut","","","https://www.google.com/maps/place/806+Barbershop+Rawa+Panjang/data=!4m7!3m6!1s0x2e69e90011a5fbcb:0x2977ca6ae2f4b40e!8m2!3d-6.4496778!4d106.8103549!16s%2Fg%2F11y0x4n1ts!19sChIJy_ulEQDpaS4RDrT04mrKdyk?authuser=0&hl=id&g_ep=EgoyMDI2MDkyMy4wIJJjKgBIAVAD&rclk=1"
"ALS HAIR STUDIO","5.0","49","Jl. Raya Mabes Hankam No.58F 1, RT.1/RW.5 Tutup","ALS HAIR STUDIO 5,0(49) Tempat Cukur Rambut","","","https://www.google.com/maps/place/ALS+HAIR+STUDIO/data=!4m7!3m6!1s0x2e69ed0051dab479:0xe041df073a8edce0!8m2!3d-6.3139589!4d106.9071458!16s%2Fg%2F11z84bpj_6!19sChIJebTaUQDtaS4R4NyOOgffQeA?authuser=0&hl=id&g_ep=EgoyMDI2MDkyMy4wIJJjKgBIAVAD&rclk=1"
"BERKCUT BARBERSHOP","4.7","20","Timur, Jl. Setu Cipayung No.48, RT.8/RW.3 Tutup","BERKCUT BARBERSHOP 4,7(20) Tempat Cukur Rambut","","","https://www.google.com/maps/place/BERKCUT+BARBERSHOP/data=!4m7!3m6!1s0x2e69ed8bbb84a2eb:0x71e0c87d835d4f32!8m2!3d-6.3212052!4d106.907382!16s%2Fg%2F11vyvnfpkm!19sChIJ66KEu4vtaS4RMk9dg33I4HE?authuser=0&hl=id&g_ep=EgoyMDI2MDkyMy4wIJJjKgBIAVAD&rclk=1"
"O'mans Barbershop","3.7","3","Jl. Cipayung Raya No.10, RT.4/RW.1 Buka","O'mans Barbershop 3,7(3) Tempat Cukur Rambut","","","https://www.google.com/maps/place/O%27mans+Barbershop/data=!4m7!3m6!1s0x2e69edc21a01bb61:0xfefe0f2b3669f42c!8m2!3d-6.330344!4d106.899698!16s%2Fg%2F11vwdsgn4n!19sChIJYbsBGsLtaS4RLPRpNisP_v4?authuser=0&hl=id&g_ep=EgoyMDI2MDkyMy4wIJJjKgBIAVAD&rclk=1"
"Naufal Barber Shop","3.0","2","Jl. Raya Parung Serab (KSU) No.56 Tutup","Naufal Barber Shop 3,0(2) Tempat Cukur Rambut","","","https://www.google.com/maps/place/Naufal+Barber+Shop/data=!4m7!3m6!1s0x2e69ebd22fe4c027:0x13c71a1e9741d70f!8m2!3d-6.4170245!4d106.8273603!16s%2Fg%2F11dxc1vf3r!19sChIJJ8DkL9LraS4RD9dBlx4axxM?authuser=0&hl=id&g_ep=EgoyMDI2MDkyMy4wIJJjKgBIAVAD&rclk=1"
"pangkas rambut (RAKSA)","5.0","4","Jl. Masjid Nurul Hidayah No.08 3, RT.3/RW.6 Buka 24 jam","pangkas rambut (RAKSA) 5,0(4) Tempat Cukur Rambut","","","https://www.google.com/maps/place/pangkas+rambut+%28RAKSA%29/data=!4m7!3m6!1s0x2e69eda18faaade5:0x98f998ee4a24f33f!8m2!3d-6.3223803!4d106.8891327!16s%2Fg%2F11rqm3m7c0!19sChIJ5a2qj6HtaS4RP_MkSu6Y-Zg?authuser=0&hl=id&g_ep=EgoyMDI2MDkyMy4wIJJjKgBIAVAD&rclk=1"
"Barber Shape","4.6","139","Jl. Siliwangi No.78 Tutup","Barber Shape 4,6(139) Tempat Cukur Rambut","","","https://www.google.com/maps/place/Barber+Shape/data=!4m7!3m6!1s0x2e69ebe81a89fe7b:0x9b262159a7f3e745!8m2!3d-6.400795!4d106.8304867!16s%2Fg%2F11fz7r_ljv!19sChIJe_6JGujraS4RRefzp1khJps?authuser=0&hl=id&g_ep=EgoyMDI2MDkyMy4wIJJjKgBIAVAD&rclk=1"
"Kampoeng Haircut Semi Barbershop","5.0","19","Jl. Swadaya Rw. Binong No.4, RT.4/RW.3 Segera tutup","Kampoeng Haircut Semi Barbershop 5,0(19) Tempat Cukur Rambut","","","https://www.google.com/maps/place/Kampoeng+Haircut+Semi+Barbershop/data=!4m7!3m6!1s0x2e69ed005dac2c69:0xc48350e3d583e4e7!8m2!3d-6.3021747!4d106.9122192!16s%2Fg%2F11wx5h60cr!19sChIJaSysXQDtaS4R5-SD1eNQg8Q?authuser=0&hl=id&g_ep=EgoyMDI2MDkyMy4wIJJjKgBIAVAD&rclk=1"
"Pangkas Rambut Ujang Sumilir","4.4","10","Jl. Pd. Ranggon No.32b, RT.4/RW.3 Buka","Pangkas Rambut Ujang Sumilir 4,4(10) Tempat Cukur Rambut","","","https://www.google.com/maps/place/Pangkas+Rambut+Ujang+Sumilir/data=!4m7!3m6!1s0x2e69ecd3a1b680af:0xfe63fbe8094c9d6b!8m2!3d-6.3439812!4d106.909285!16s%2Fg%2F11d_1clxjv!19sChIJr4C2odPsaS4Ra51MCej7Y_4?authuser=0&hl=id&g_ep=EgoyMDI2MDkyMy4wIJJjKgBIAVAD&rclk=1"
"tukang cukur mas hendro","4.7","3","","tukang cukur mas hendro 4,7(3) Tempat Cukur Rambut","","","https://www.google.com/maps/place/tukang+cukur+mas+hendro/data=!4m7!3m6!1s0x2e69e9b947c7e00f:0x93054146ba39e321!8m2!3d-6.459017!4d106.8058742!16s%2Fg%2F11j0rj1_sg!19sChIJD-DHR7npaS4RIeM5ukZBBZM?authuser=0&hl=id&g_ep=EgoyMDI2MDkyMy4wIJJjKgBIAVAD&rclk=1"
"Pangkas Rambut Equilibrium Barbershop","5.0","18","Jl. Mini III No.47, RT.12/RW.3 Segera tutup","Pangkas Rambut Equilibrium Barbershop 5,0(18) Tempat Cukur Rambut","","","https://www.google.com/maps/place/Pangkas+Rambut+Equilibrium+Barbershop/data=!4m7!3m6!1s0x2e69f5926c120515:0x7adeb27d8a534f69!8m2!3d-6.3046344!4d106.9068409!16s%2Fg%2F11t_zttv9n!19sChIJFQUSbJL1aS4RaU9Tin2y3no?authuser=0&hl=id&g_ep=EgoyMDI2MDkyMy4wIJJjKgBIAVAD&rclk=1"
"Tukang Cukur T4i","","","Jl. Tole Iskandar No.14","Tukang Cukur T4i Tidak ada ulasan Salon Rambut","","","https://www.google.com/maps/place/Tukang+Cukur+T4i/data=!4m7!3m6!1s0x2e69eb003102904d:0x45251b4e5a14c552!8m2!3d-6.4037106!4d106.8357399!16s%2Fg%2F11yv9_1t06!19sChIJTZACMQDraS4RUsUUWk4bJUU?authuser=0&hl=id&g_ep=EgoyMDI2MDkyMy4wIJJjKgBIAVAD&rclk=1"
"Pangkas Rambut Intan Jaya","4.5","13","Jalan Cilangkap Baru, sebrang Gg. Alif No.54, RT.3/RW.5 Segera tutup","Pangkas Rambut Intan Jaya 4,5(13) Tempat Cukur Rambut","","","https://www.google.com/maps/place/Pangkas+Rambut+Intan+Jaya/data=!4m7!3m6!1s0x2e69eccede7ddce5:0x9b3e57d40a3fee94!8m2!3d-6.3515141!4d106.9037986!16s%2Fg%2F11bbrgx65m!19sChIJ5dx93s7saS4RlO4_CtRXPps?authuser=0&hl=id&g_ep=EgoyMDI2MDkyMy4wIJJjKgBIAVAD&rclk=1"
"Zahwan Barbershop","5.0","332","Jl. Ganceng No.41, RT.002/RW.006 ""Kranggan"" jakarta timur pondok ranggon cilangkap cipayung Jatiranggon, Kec. Jatisampurna KRANGGAN JAKARTA TIMUR PONDOK RANGGON CILANGKAP, RT.001/RW.006","Zahwan Barbershop 5,0(332) Tempat Cukur Rambut","","","https://www.google.com/maps/place/Zahwan+Barbershop/data=!4m7!3m6!1s0x2e69c357f8ba0e81:0x1109f7a43585bae4!8m2!3d-6.3450574!4d106.9177794!16s%2Fg%2F11gzmcb63j!19sChIJgQ66-FfDaS4R5LqFNaT3CRE?authuser=0&hl=id&g_ep=EgoyMDI2MDkyMy4wIJJjKgBIAVAD&rclk=1"
"Pangkas Rambut Rapih","4.7","18","HRW4+J6P, Jl. Pitara Segera tutup","Pangkas Rambut Rapih 4,7(18) Tempat Cukur Rambut","","","https://www.google.com/maps/place/Pangkas+Rambut+Rapih/data=!4m7!3m6!1s0x2e69e968736a7f6d:0x92075b1d60bee3ee!8m2!3d-6.4034075!4d106.8055931!16s%2Fg%2F1q5gpcx0z!19sChIJbX9qc2jpaS4R7uO-YB1bB5I?authuser=0&hl=id&g_ep=EgoyMDI2MDkyMy4wIJJjKgBIAVAD&rclk=1"
"Abah Barbershop","5.0","15","Jl. Manunggal XVII No.2, RT.4/RW.11 Segera tutup","Abah Barbershop 5,0(15) Tempat Cukur Rambut","","","https://www.google.com/maps/place/Abah+Barbershop/data=!4m7!3m6!1s0x2e69ed6c48f483d5:0xd237c784b8af1e0b!8m2!3d-6.2973229!4d106.8940554!16s%2Fg%2F11v068j7xz!19sChIJ1YP0SGztaS4RCx6vuITHN9I?authuser=0&hl=id&g_ep=EgoyMDI2MDkyMy4wIJJjKgBIAVAD&rclk=1"
"Reborn Barber Studio","5.0","21","Jl. Assyafi'iyah No.1A, RT.1/RW.5 Tutup","Reborn Barber Studio 5,0(21) Tempat Cukur Rambut","","","https://www.google.com/maps/place/Reborn+Barber+Studio/data=!4m7!3m6!1s0x2e69edb6a96df563:0x3c457d6686c6931f!8m2!3d-6.3357907!4d106.9007633!16s%2Fg%2F11l6zhpj6j!19sChIJY_VtqbbtaS4RH5PGhmZ9RTw?authuser=0&hl=id&g_ep=EgoyMDI2MDkyMy4wIJJjKgBIAVAD&rclk=1"
"FOUR BARBER - MENS HAIRSTYLIST","5.0","67","Jl. Raya Pd. Gede No.66, RT.1/RW.7 Tutup","FOUR BARBER - MENS HAIRSTYLIST 5,0(67) Tempat Cukur Rambut","","","https://www.google.com/maps/place/FOUR+BARBER+-+MENS+HAIRSTYLIST/data=!4m7!3m6!1s0x2e69f300540aaf57:0x915235e066b208a0!8m2!3d-6.2899139!4d106.8939575!16s%2Fg%2F11z694hh_8!19sChIJV68KVADzaS4RoAiyZuA1UpE?authuser=0&hl=id&g_ep=EgoyMDI2MDkyMy4wIJJjKgBIAVAD&rclk=1"
"Tukang Cukur Gila","","","Jl. Tole Iskandar No.14","Tukang Cukur Gila Tidak ada ulasan Salon Rambut","","","https://www.google.com/maps/place/Tukang+Cukur+Gila/data=!4m7!3m6!1s0x2e69eb004ec0a693:0xb588b62c5de32eb1!8m2!3d-6.4037106!4d106.8357399!16s%2Fg%2F11ytj0b512!19sChIJk6bATgDraS4RsS7jXSy2iLU?authuser=0&hl=id&g_ep=EgoyMDI2MDkyMy4wIJJjKgBIAVAD&rclk=1"
"Tukang Cukur Tai","","","Jl. Tole Iskandar No.14","Tukang Cukur Tai Tidak ada ulasan Salon Rambut","","","https://www.google.com/maps/place/Tukang+Cukur+Tai/data=!4m7!3m6!1s0x2e69eb0079632559:0xe0578153807eacf2!8m2!3d-6.4037106!4d106.8357399!16s%2Fg%2F11yvb0ylfr!19sChIJWSVjeQDraS4R8qx-gFOBV-A?authuser=0&hl=id&g_ep=EgoyMDI2MDkyMy4wIJJjKgBIAVAD&rclk=1"
"barberspot","4.2","94","Jl. Bina Marga No.88 3, RT.5/RW.5 Tutup","barberspot 4,2(94) Tempat Cukur Rambut","","","https://www.google.com/maps/place/barberspot/data=!4m7!3m6!1s0x2e69ed3f9661a9cf:0x551ed45df372abad!8m2!3d-6.3182795!4d106.8904943!16s%2Fg%2F11c30w5vr8!19sChIJz6lhlj_taS4Rraty813UHlU?authuser=0&hl=id&g_ep=EgoyMDI2MDkyMy4wIJJjKgBIAVAD&rclk=1"
"Tukang Cukur,China masker","","","Jl. Tole Iskandar No.14","Tukang Cukur,China masker Tidak ada ulasan Salon Rambut","","","https://www.google.com/maps/place/Tukang+Cukur,China+masker/data=!4m7!3m6!1s0x2e69eb007e4b25ab:0x775af61356f54615!8m2!3d-6.4037106!4d106.8357399!16s%2Fg%2F11yvb0kx2t!19sChIJqyVLfgDraS4RFUb1VhP2Wnc?authuser=0&hl=id&g_ep=EgoyMDI2MDkyMy4wIJJjKgBIAVAD&rclk=1"
"Pangkas Rambut Cahaya Asgar","4.6","12","Jl. Raya Cilangkap No.4 6, RT.6/RW.1 Segera tutup","Pangkas Rambut Cahaya Asgar 4,6(12) Tempat Cukur Rambut","","","https://www.google.com/maps/place/Pangkas+Rambut+Cahaya+Asgar/data=!4m7!3m6!1s0x2e69ecd6e36bf1f1:0x5653c4e68ac371a1!8m2!3d-6.3405523!4d106.9030623!16s%2Fg%2F11f62zwhkj!19sChIJ8fFr49bsaS4RoXHDiubEU1Y?authuser=0&hl=id&g_ep=EgoyMDI2MDkyMy4wIJJjKgBIAVAD&rclk=1"
"Pangkas Rambut Media Pria&Wanita","4.9","18","Jl. Tpu Cipayung No.63D, RT.9/RW.3","Pangkas Rambut Media Pria&Wanita 4,9(18) Salon Rambut","","","https://www.google.com/maps/place/Pangkas+Rambut+Media+Pria%26Wanita/data=!4m7!3m6!1s0x2e69ed0025af9335:0xd9a2b0e310e04d1f!8m2!3d-6.3300297!4d106.8981142!16s%2Fg%2F11x1459f1d!19sChIJNZOvJQDtaS4RH03gEOOwotk?authuser=0&hl=id&g_ep=EgoyMDI2MDkyMy4wIJJjKgBIAVAD&rclk=1"
"7 SEAS BARBERSHOP","4.8","40","Jl. Cilangkap Raya No.49, RT.4/RW.3 Tutup","7 SEAS BARBERSHOP 4,8(40) Tempat Cukur Rambut","","","https://www.google.com/maps/place/7+SEAS+BARBERSHOP/data=!4m7!3m6!1s0x2e69ed2f1e366c85:0x8842cabf65d00084!8m2!3d-6.3307898!4d106.9032219!16s%2Fg%2F11x03zp20c!19sChIJhWw2Hi_taS4RhADQZb_KQog?authuser=0&hl=id&g_ep=EgoyMDI2MDkyMy4wIJJjKgBIAVAD&rclk=1"
"Pangkas Rambut Asgar 1","4.7","7","Jl. Kp. Panjang, RT.002/RW.21 Tutup","Pangkas Rambut Asgar 1 4,7(7) Tempat Cukur Rambut","","","https://www.google.com/maps/place/Pangkas+Rambut+Asgar+1/data=!4m7!3m6!1s0x2e69e9f1a1bc71b3:0xfbd8fe87b7030c05!8m2!3d-6.4495014!4d106.8087367!16s%2Fg%2F11c0xzwl_s!19sChIJs3G8ofHpaS4RBQwDt4f-2Ps?authuser=0&hl=id&g_ep=EgoyMDI2MDkyMy4wIJJjKgBIAVAD&rclk=1"
"Holyhair Barbershop & Studio Pondok Gede","4.9","362","Jl. Raya Pd. Gede No.40, RT.3/RW.8 Tutup","Holyhair Barbershop & Studio Pondok Gede 4,9(362) Tempat Cukur Rambut","","","https://www.google.com/maps/place/Holyhair+Barbershop+%26+Studio+Pondok+Gede/data=!4m7!3m6!1s0x2e69f56d002d8cc9:0xb7a8580b65dd65d5!8m2!3d-6.2853903!4d106.9007014!16s%2Fg%2F11t255yszq!19sChIJyYwtAG31aS4R1WXdZQtYqLc?authuser=0&hl=id&g_ep=EgoyMDI2MDkyMy4wIJJjKgBIAVAD&rclk=1"
"Rjk Barber Shop","4.7","31","Jl. Rw. Binong No.58A 1, RT.2/RW.3","Rjk Barber Shop 4,7(31) Tempat Cukur Rambut","","","https://www.google.com/maps/place/Rjk+Barber+Shop/data=!4m7!3m6!1s0x2e69ed54f9e3900d:0x8923080b274d0f2d!8m2!3d-6.2994309!4d106.9096094!16s%2Fg%2F11j7xbmyk3!19sChIJDZDj-VTtaS4RLQ9NJwsII4k?authuser=0&hl=id&g_ep=EgoyMDI2MDkyMy4wIJJjKgBIAVAD&rclk=1"
"Urban BarberShop","4.7","98","Jl. Monumen Pancasila Sakti No.04, RT.7/RW.2 Tutup","Urban BarberShop 4,7(98) Tempat Cukur Rambut","","","https://www.google.com/maps/place/Urban+BarberShop/data=!4m7!3m6!1s0x2e69f3a4b8d6836b:0xce29c67a1ef30f7f!8m2!3d-6.2945036!4d106.9042291!16s%2Fg%2F11g1qh0hz8!19sChIJa4PWuKTzaS4Rfw_zHnrGKc4?authuser=0&hl=id&g_ep=EgoyMDI2MDkyMy4wIJJjKgBIAVAD&rclk=1"
"Jay's Barber","4.0","2","HQW9+JPQ, Jl.Muctar Raya ,Bedahan Sawangan (Ruko Seberang SMK Yapan & Sawangan Village) Segera tutup","Jay's Barber 4,0(2) Tempat Cukur Rambut","","","https://www.google.com/maps/place/Jay%27s+Barber/data=!4m7!3m6!1s0x2e69e8dfe0050613:0xa77a2b4a34ada78c!8m2!3d-6.4034031!4d106.7693491!16s%2Fg%2F11g6bjkv1n!19sChIJEwYF4N_oaS4RjKetNEoreqc?authuser=0&hl=id&g_ep=EgoyMDI2MDkyMy4wIJJjKgBIAVAD&rclk=1"
"Tukang Cukur Bang jalu","5.0","1","Jl. Cibubur III No.17 9, RT.9/RW.1 Segera tutup","Tukang Cukur Bang jalu 5,0(1) Salon Rambut","","","https://www.google.com/maps/place/Tukang+Cukur+Bang+jalu/data=!4m7!3m6!1s0x2e69ecfab6d27659:0x5964211617518e76!8m2!3d-6.3475048!4d106.8763136!16s%2Fg%2F11bzrpv8ns!19sChIJWXbStvrsaS4Rdo5RFxYhZFk?authuser=0&hl=id&g_ep=EgoyMDI2MDkyMy4wIJJjKgBIAVAD&rclk=1"
"Pangkas rambut Az-Zikra","4.8","33","","Pangkas rambut Az-Zikra 4,8(33) Tempat Cukur Rambut","","","https://www.google.com/maps/place/Pangkas+rambut+Az-Zikra/data=!4m7!3m6!1s0x2e69ede77e455277:0xb17334ee0a867518!8m2!3d-6.3419318!4d106.8965323!16s%2Fg%2F11lm6_nbf4!19sChIJd1JFfuftaS4RGHWGCu40c7E?authuser=0&hl=id&g_ep=EgoyMDI2MDkyMy4wIJJjKgBIAVAD&rclk=1"
"Titaziek Barbershop","4.6","114","Jl. Raya Kalimulya No.1 Tutup","Titaziek Barbershop 4,6(114) Tempat Cukur Rambut","","","https://www.google.com/maps/place/Titaziek+Barbershop/data=!4m7!3m6!1s0x2e69eb0b91476f2f:0x82dea1d072b8f29!8m2!3d-6.4441175!4d106.8214675!16s%2Fg%2F11g079yqw1!19sChIJL29HkQvraS4RKY8rBx3qLQg?authuser=0&hl=id&g_ep=EgoyMDI2MDkyMy4wIJJjKgBIAVAD&rclk=1"
"Rootsbarber","4.7","45","Jl. Raya Pd. Ranggon No.7, RT.7/RW.2 Tutup","Rootsbarber 4,7(45) Tempat Cukur Rambut","","","https://www.google.com/maps/place/Rootsbarber/data=!4m7!3m6!1s0x2e69938e4f20f38b:0x9a253537c7a10d5!8m2!3d-6.3496231!4d106.9126739!16s%2Fg%2F11tf0_hv82!19sChIJi_MgT46TaS4R1RB6fFNTogk?authuser=0&hl=id&g_ep=EgoyMDI2MDkyMy4wIJJjKgBIAVAD&rclk=1"
"SHANE BARBER AND COFFEE SHOP","2.3","11","Jl. Al.Baidho I, RT.6/RW.6 Segera tutup","SHANE BARBER AND COFFEE SHOP 2,3(11) Tempat Cukur Rambut","","","https://www.google.com/maps/place/SHANE+BARBER+AND+COFFEE+SHOP/data=!4m7!3m6!1s0x2e69f3004c88b10f:0x5e905ce3656a2694!8m2!3d-6.2930329!4d106.9027961!16s%2Fg%2F11mrr3dnqg!19sChIJD7GITADzaS4RlCZqZeNckF4?authuser=0&hl=id&g_ep=EgoyMDI2MDkyMy4wIJJjKgBIAVAD&rclk=1"
"Pangkas Rambut Handayani","4.8","5","HRMC+7X4, Jl. Masjid Nurul Huda s/d Eretan","Pangkas Rambut Handayani 4,8(5) Tempat Cukur Rambut","","","https://www.google.com/maps/place/Pangkas+Rambut+Handayani/data=!4m7!3m6!1s0x2e69ebd6a08883eb:0x3c1a4f80b14eef5d!8m2!3d-6.416874!4d106.8224601!16s%2Fg%2F11fmk0zfk2!19sChIJ64OIoNbraS4RXe9OsYBPGjw?authuser=0&hl=id&g_ep=EgoyMDI2MDkyMy4wIJJjKgBIAVAD&rclk=1"
"Barbershop Look Man","3.3","7","Jl. Tpu Cipayung No.8, RT.8/RW.4 Tutup","Barbershop Look Man 3,3(7) Tempat Cukur Rambut","","","https://www.google.com/maps/place/Barbershop+Look+Man/data=!4m7!3m6!1s0x2e69ed252577ea21:0xa003b9494394de28!8m2!3d-6.328015!4d106.898054!16s%2Fg%2F11ckw289jj!19sChIJIep3JSXtaS4RKN6UQ0m5A6A?authuser=0&hl=id&g_ep=EgoyMDI2MDkyMy4wIJJjKgBIAVAD&rclk=1"
"R@ff Barbershop","5.0","6","Jalan Raya 03 Cipayung, Gg. Rw. No.1, RT.4/RW.8 Tutup","R@ff Barbershop 5,0(6) Tempat Cukur Rambut","","","https://www.google.com/maps/place/R@ff+Barbershop/data=!4m7!3m6!1s0x2e69ed09e543d62b:0xff044e6f748036e2!8m2!3d-6.3239591!4d106.8657114!16s%2Fg%2F11bwpc74qh!19sChIJK9ZD5QntaS4R4jaAdG9OBP8?authuser=0&hl=id&g_ep=EgoyMDI2MDkyMy4wIJJjKgBIAVAD&rclk=1"
"PANGKAS RAMBUT RIO SETU","5.0","9","Jl. Kp. Kramat No.33, RT.3/RW.4 Segera tutup","PANGKAS RAMBUT RIO SETU 5,0(9) Tempat Cukur Rambut","","","https://www.google.com/maps/place/PANGKAS+RAMBUT+RIO+SETU/data=!4m7!3m6!1s0x2e69935d8011f673:0x44f4dbc77eb85438!8m2!3d-6.3178572!4d106.9213784!16s%2Fg%2F11kr_8vm9_!19sChIJc_YRgF2TaS4ROFS4fsfb9EQ?authuser=0&hl=id&g_ep=EgoyMDI2MDkyMy4wIJJjKgBIAVAD&rclk=1"
"Vintage Barber Shop","2.8","4","","Vintage Barber Shop 2,8(4) Tempat Cukur Rambut","","","https://www.google.com/maps/place/Vintage+Barber+Shop/data=!4m7!3m6!1s0x2e69e9c617c56e6d:0xf4b78ac6d0f5f170!8m2!3d-6.447722!4d106.7833155!16s%2Fg%2F11n__6h9c8!19sChIJbW7FF8bpaS4RcPH10MaKt_Q?authuser=0&hl=id&g_ep=EgoyMDI2MDkyMy4wIJJjKgBIAVAD&rclk=1"
"Omans Barbershop","4.5","4","Jl. Raya Cilangkap No.6 4, RT.4/RW.1","Omans Barbershop 4,5(4) Tempat Cukur Rambut","","","https://www.google.com/maps/place/Omans+Barbershop/data=!4m7!3m6!1s0x2e69ed00365def13:0x9ef822b5431d475f!8m2!3d-6.3339364!4d106.8965166!16s%2Fg%2F11yg4t5v28!19sChIJE-9dNgDtaS4RX0cdQ7Ui-J4?authuser=0&hl=id&g_ep=EgoyMDI2MDkyMy4wIJJjKgBIAVAD&rclk=1"